Member ID,First Name,Last Name,Phone,Email,Cell,Role,Gender,Marital Status,DOB,Hometown,Occupation,Address,Water Baptized,Holy Ghost Baptized
CACI-030,Eunice,Adutwumwaa,0245361968,,Faith Cell,Member,FEMALE,SINGLE,,"","Hair stylist","",Yes,Yes
CACI-028,Gifty,Afriyie,0540179908,,Faith Cell,Choir,FEMALE,SINGLE,,"Asenua","Nurse","Asenua",Yes,Yes
CACI-013,FELICITY,AGYEIWAA,0240748944,,Hope Cell,Member,FEMALE,SINGLE,12/16/2001,"","","",No,No
CACI-011,CECILIA,AGYEMANG BIRAGO,0552430326,maamebirago858@gmail.com,Faith Cell,Choir,FEMALE,SINGLE,9/22/2000,"Ntonso","Student","",No,No
CACI-038,Jeffery,Amankwa Antwi,,,Joy Cell,Member,MALE,SINGLE,,"","","",Yes,Yes
CACI-023,Benjamin,Amo Gyekye,0541422624,,Faith Cell,Choir,MALE,MARRIED,,"","Teacher","",Yes,Yes
CACI-032,Priscilla,Amo Gyekye,0248525554,,Faith Cell,Member,MALE,MARRIED,,"","Trader","Old Tafo miles 4",Yes,Yes
CACI-008,Samuel,Amponsah Gyekye,0546318900,,Hope Cell,Pastor,MALE,MARRIED,,"","","",Yes,Yes
CACI-033,Emmanuel,Antwi,0249806797,,Faith Cell,Usher,MALE,SINGLE,,"Kronum","Entrepreneur","Asenua",Yes,Yes
CACI-017,Vivian,Appiah,0547495971,,Joy Cell,Usher,FEMALE,SINGLE,,"","","",Yes,Yes
CACI-014,Lydia,Asamoah,0558669669,,Faith Cell,Member,FEMALE,MARRIED,3/19/1998,"","","",Yes,Yes
CACI-005,James,Asamoah Frimpong,0544950287,,Faith Cell,Elder,MALE,MARRIED,3/31/1993,"","Teacher","",Yes,Yes
CACI-029,Maame,Attaa,0541708777,,Love Cell,Member,FEMALE,SINGLE,,"","","",No,No
CACI-034,Helena,Avorm,0552200149,,Faith Cell,Member,FEMALE,MARRIED,,"","Teacher","Asenua",Yes,Yes
CACI-007,Sackey,Awel,0243346383,,Joy Cell,Elder,MALE,MARRIED,,"","","",Yes,Yes
CACI-037,Gabriel,Badu,0505572971,,Faith Cell,Choir,MALE,SINGLE,,"","IT - personal","",Yes,Yes
CACI-024,Nancy,Bawuah,0549503088,,Love Cell,Member,FEMALE,SINGLE,,"","","",Yes,Yes
CACI-031,Veronica,Boateng,0547947894,,Faith Cell,Member,FEMALE,SINGLE,,"","Trader","Asenua",Yes,Yes
CACI-026,Stephen,Botwe,0242256995,,Faith Cell,Member,MALE,SINGLE,,"","Teacher","AD 000-2737- Mamponteng -Nana Danho",Yes,Yes
CACI-040,Anne,Frimpong,0531609911,,Love Cell,Member,MALE,SINGLE,,"","","",No,No
CACI-027,Mr.,Kwarteng,0243663692,,Love Cell,Member,MALE,WIDOWED,,"","","",No,No
CACI-016,Martin,Kyerematin,0540233866,,Joy Cell,Member,MALE,SINGLE,9/22/1990,"","","",Yes,Yes
CACI-021,Sandra,Manu,0240198993,,Joy Cell,Member,FEMALE,MARRIED,,"","","",Yes,Yes
CACI-020,Augustine,Mensah,0592983468,,Joy Cell,Usher,MALE,SINGLE,,"","","",Yes,Yes
CACI-018,Rita,Mensah,0246117014,,Joy Cell,Member,FEMALE,SINGLE,,"","","",Yes,Yes
CACI-009,Faiza,Musah,0557747321,musahfaiza246@gmail.com,Faith Cell,Choir,FEMALE,SINGLE,12/2/2000,"Bolgatanga","Trader","",No,No
CACI-022,Roseca,Nyarko,0546368384,,Love Cell,Member,FEMALE,MARRIED,,"","","",Yes,Yes
CACI-006,Renarld,Opoku,0244469417,,Joy Cell,Elder,MALE,MARRIED,,"","","",Yes,Yes
CACI-010,Redoff,Oppong Agyemang,0533143634,,Hope Cell,Usher,MALE,SINGLE,11/5/2004,"Kumasi","Software Developer","AD-144-6594",No,Yes
CACI-036,Daniel,Osei - Akoto,0531128743,,Faith Cell,Choir,MALE,SINGLE,,"","Pharmacist","Asenua",Yes,Yes
CACI-012,THEOPHILUS,OSEI AGYEMANG,0249806749,,Faith Cell,Member,MALE,SINGLE,11/13/1998,"NTONSO","Business Man","Plot 85 block C Asennua Kumasi",Yes,Yes
CACI-025,Emmanuel,Owen,0256621682,eowen6796@gmail.com,Joy Cell,Member,MALE,SINGLE,4/4/1998,"Kumawu","Interior Decor","Asenua - Behind HOPE AG church",Yes,Yes
CACI-035,Marius,Sackey,053746221,,Faith Cell,Member,MALE,SINGLE,,"","Student","Fawoade",Yes,Yes
CACI-039,Mrs,Sackey,,,Faith Cell,Member,MALE,SINGLE,,"","","",Yes,Yes
CACI-015,Eunice,Wiredu,0552662272,,Joy Cell,Member,FEMALE,SINGLE,4/23/2002,"","","",Yes,Yes
CACI-019,Stephen,Yaw Frimpong,0267174160,,Joy Cell,Member,MALE,SINGLE,,"","","",Yes,Yes